{
  "aws-access-key-id": "AKIAVYLZYYIXG4FXDFGN",
  "aws-secret-key": "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",
  "region": "us-east-2",
  "configuration": "Release",
  "framework": "netcoreapp3.1",
  "s3-prefix": "lambda_api_test/",
  "template": "serverless.template",
  "template-parameters": "ShouldCreateBucket=false;BucketName=financial-app-api-bucket",
  "runtime": "dotnetcore3.1",
  "function-name": "financialappfunction",
  "function-description": "FinancialApp API",
  "function-handler": "financial_app_api::financial_app_api.LambdaEntryPoint::FunctionHandlerAsync",
  "function-memory-size ": 512,
  "function-timeout": 28,
  "function-role": "arn:aws:iam::395929240110:role/lambda_s3_access",
  "function-runtime": "dotnetcore3.1",
  "profile": "FinancialApp",
  "s3-bucket": "financial-app-api-bucket",
  "stack-name": "financial-app-api"
}